ClienteID,NomeCliente
122,Kenneth Gonzalez
106,Sara Miller
30,Danielle Lee
35,Dustin Hicks
144,Kayla Blake
214,Jason Bartlett
16,Dennis Yoder
15,Robert Martin
167,Tiffany Castillo
296,Erin Chapman
224,Evan Henderson
275,Jacqueline Allen
242,Luis Berg
285,Christopher Hicks
91,Susan Kennedy
200,Destiny Martinez
18,Mr. Aaron Graham DVM
6,Ariel Hernandez
23,David Ramirez
240,Terrance Copeland
184,Jacqueline Mason
17,Angela Thompson
209,Tiffany Harris
90,Megan Taylor
250,Mark Ferrell
172,Candace Jennings
7,Nicole Estrada
198,Hannah Garcia
74,Marie Peterson
164,Bryan Velasquez
231,Danielle Frazier
108,Ronald Burnett
155,Matthew Gray
188,Jeffrey Wright
300,Mark Murray
33,Diana Wright
283,Jennifer Jennings
137,Daniel White
21,Julie Todd
234,Randy Thompson
66,Michael Nielsen
252,Marilyn Kent
50,Jerome Duncan
85,William Torres
223,John Yang
235,Zachary Jones
237,Emily Landry
281,Carla Lyons
150,Nicole Foster
55,Mr. Kyle Becker II
273,Timothy Phillips
201,Ashley Stephens
243,Luis Kelly
257,Travis Becker
221,Catherine Miller
294,Marissa Clark
163,Kimberly Bryant
138,Elizabeth Burke
216,Brandy Ali
295,Brandy Day
289,Nathan Campbell
279,Lisa Barrett
24,Michelle Jones
254,Jorge Harrison
36,Danielle Kim
4,Steven Riley
228,Daniel Conner
133,Troy Franco
253,Kelly Sharp
153,Natasha Lewis
117,Patrick Hughes
246,Natasha Phillips
142,Valerie Potts
280,Gary Hurst
53,Nicole Berry
149,Cynthia Jones
28,Tracey Bruce MD
158,Meghan Smith
238,Cynthia Compton
251,Amanda Murphy
213,Debra Smith
141,Jennifer Hill
26,Heather Allen
114,Cole Anderson
19,Michael Melton
88,Brianna Farley
245,Nicole Jones
125,Veronica Smith
9,Melinda Wade
268,Jennifer Jacobs
98,Mark Cox
276,Travis White
165,Billy Whitehead
126,Veronica May
265,Katherine Short
62,Bryan Reese
190,Clifford Mcfarland
135,Amanda Freeman DVM
29,Christopher Delacruz
20,Annette Martinez
94,Kevin Herring Jr.
174,Megan Castro
22,Rachel English
156,Kayla York
10,Emily Shea
39,Alicia Simmons
193,Rachel Dean
241,Jeff Valdez
239,Brittany Lopez
109,Miranda Moyer
113,Henry Palmer
183,Anthony Morales
131,David Armstrong
136,Curtis Ferguson
258,Brian Mitchell
297,Erin Werner
101,Kathryn Patterson
67,Hannah Reid
119,Andrea Mckay
169,Connor Cherry
197,Anthony Clark
202,Evan Flores
249,Billy Fowler
40,James Sanders
288,Gregory Thomas
70,Brian Rojas
232,Paul Ochoa
171,Michael Washington
78,Kathleen Brooks
83,Ronnie Patterson
140,Lindsey Coleman
217,James French
139,Robert Davis
5,Sarah Wilson
248,Scott Howard
46,Allison Chavez
175,Jennifer Hurst
272,Cindy King
14,Lonnie Hester
71,David Fisher
48,Ricky Underwood
118,Samuel Robinson
8,Craig Johnson
3,George Rogers
230,Mr. Randy Jackson
77,Jessica Brooks
271,Blake Wolf
12,Deborah Hall
186,Gabriel Palmer
181,Julie James
166,Kelsey Hernandez
103,Dillon Golden
110,Megan Johnson
267,Victor Christensen
97,Robert Rodriguez
72,Matthew Walsh
162,Daniel Foster
229,Caroline Christian
226,Zachary Wall
92,Kimberly Anderson
159,Alvin Collins
208,Timothy Mays
195,Victor Cervantes
25,Robert Jones
287,Ronald Rodriguez
205,Tiffany Rios
218,Christian Miller
124,Joanna Harper
128,Betty Wong
277,Erin Juarez
178,James Logan
132,Kathryn Roberts
43,Benjamin Mueller
206,Benjamin Juarez
199,Kimberly Rodriguez
68,William Bond
180,Jerry Rowe
11,Michael Peterson
107,William Proctor
225,Robin Ramos
233,Gary Santos
222,Kimberly Beasley
211,Mr. Michael Smith
121,Christina Khan
75,Gabriel Long
59,Jim Adams
34,Jessica Smith
69,Troy Delgado
145,Amy Young
182,James Weeks
84,William Combs
290,Patricia Lopez
227,Richard Hall
173,Ryan Yoder
13,Terri Kim
115,Sean Castaneda
284,Mikayla Schroeder
161,Jenny Murray
56,Julia Pham
1,Danielle Lawrence
170,Stacy Ingram
207,Dylan Snyder
82,Ethan Riley
177,Margaret Graves
293,Jill Leon
65,George Kelley
299,Brooke Smith
220,Joseph Thomas
262,Matthew Riddle
152,Kenneth Sellers
196,Jerry Meza
129,Angela Velasquez
191,Robert Obrien
27,Logan Wilson
63,Kristin Sanchez
86,Vanessa Lopez
194,Susan Hopkins
37,Karen Stephens
203,Megan Jenkins
123,Norman Harding
99,Stanley Boone
292,Jared Knapp
282,Mrs. Kathy Cole
73,Rebecca Gaines
81,Juan Lowe
60,Robert Figueroa
47,Linda Garcia
247,Ryan Strickland
104,Robert Smith
274,Sherry Gibson
151,Henry Riley
157,Stephen Johns
79,Stacey Carroll
192,Joshua Leon
87,Joseph Torres
96,Phillip Shannon
298,David Brown
269,Anne Flores
111,Paula Maldonado
286,Sarah Howell
204,Lance Gonzalez
215,Jessica Moore
146,Alyssa Small
45,Chad Sparks
219,Gregory Wall
42,Barry Chavez
58,Stephanie Dickson
160,Bonnie Daniel
256,Dustin Mccarty
51,Sierra Butler
95,Samuel Jackson
54,Matthew Taylor
168,Ian Johnson
185,Walter Ellis
52,Craig Lopez
41,Carlos Thomas
76,Dr. Mark Morris
260,Gregory Martinez
154,Charles Smith
112,Thomas Meyer
31,Stephanie Hall DDS
105,Keith Smith
266,Margaret Brennan
176,Kelly Carpenter
130,Kimberly Floyd
212,Matthew Cline
143,Adam Owens
148,Mrs. Heidi Foley
236,Beverly Garrison
93,Laura Norton
120,Susan Reynolds
127,Tina Stout
32,Abigail Jones
263,Kimberly Shannon
291,Peter May
210,Jessica Riddle
2,Glenn Cobb
57,Cindy Green
44,Patricia Holland
38,Edward Mendez
278,Alexis Yates
187,Frank Gallagher
134,Karen Griffin
179,Andrea Wallace
49,Michael Fernandez
102,Jacob Jimenez
61,Lisa Ewing
264,Lindsay Salas
270,Ashley Hughes
261,Joshua Jackson
80,Joshua Morrison
116,Jennifer Richmond
